First Name,Last Name,Title,Release Year,Category Id,Actor Id,Film Id
PENELOPE,GUINESS,ACADEMY DINOSAUR,2006,6,1,1
PENELOPE,GUINESS,ANACONDA CONFESSIONS,2006,2,1,23
PENELOPE,GUINESS,ANGELS LIFE,2006,13,1,25
PENELOPE,GUINESS,BULWORTH COMMANDMENTS,2006,10,1,106
PENELOPE,GUINESS,CHEAPER CLYDE,2006,14,1,140
PENELOPE,GUINESS,COLOR PHILADELPHIA,2006,4,1,166
PENELOPE,GUINESS,ELEPHANT TROJAN,2006,11,1,277
PENELOPE,GUINESS,GLEAMING JAWBREAKER,2006,15,1,361
PENELOPE,GUINESS,HUMAN GRAFFITI,2006,10,1,438
PENELOPE,GUINESS,KING EVOLUTION,2006,8,1,499
PENELOPE,GUINESS,LADY STAGE,2006,11,1,506
PENELOPE,GUINESS,LANGUAGE COWBOY,2006,3,1,509
PENELOPE,GUINESS,MULHOLLAND BEAST,2006,9,1,605
PENELOPE,GUINESS,OKLAHOMA JUMANJI,2006,13,1,635
PENELOPE,GUINESS,RULES HUMAN,2006,11,1,749
PENELOPE,GUINESS,SPLASH GUMP,2006,8,1,832
PENELOPE,GUINESS,VERTIGO NORTHWEST,2006,5,1,939
PENELOPE,GUINESS,WESTWARD SEABISCUIT,2006,4,1,970
PENELOPE,GUINESS,WIZARD COLDBLOODED,2006,12,1,980
NICK,WAHLBERG,ADAPTATION HOLES,2006,6,2,3
NICK,WAHLBERG,APACHE DIVINE,2006,8,2,31
NICK,WAHLBERG,BABY HALL,2006,9,2,47
NICK,WAHLBERG,BULL SHAWSHANK,2006,1,2,105
NICK,WAHLBERG,CHAINSAW UPTOWN,2006,14,2,132
NICK,WAHLBERG,CHISUM BEHAVIOR,2006,8,2,145
NICK,WAHLBERG,DESTINY SATURDAY,2006,13,2,226
NICK,WAHLBERG,DRACULA CRYSTAL,2006,4,2,249
NICK,WAHLBERG,FIGHT JAWBREAKER,2006,2,2,314
NICK,WAHLBERG,FLASH WARS,2006,13,2,321
NICK,WAHLBERG,GILBERT PELICAN,2006,4,2,357
NICK,WAHLBERG,GOODFELLAS SALUTE,2006,14,2,369
NICK,WAHLBERG,HAPPINESS UNITED,2006,9,2,399
NICK,WAHLBERG,INDIAN LOVE,2006,8,2,458
NICK,WAHLBERG,JEKYLL FROGMEN,2006,13,2,481
NICK,WAHLBERG,JERSEY SASSY,2006,3,2,485
NICK,WAHLBERG,LIAISONS SWEET,2006,16,2,518
NICK,WAHLBERG,LUCKY FLYING,2006,12,2,540
NICK,WAHLBERG,MAGUIRE APACHE,2006,8,2,550
NICK,WAHLBERG,MALLRATS UNITED,2006,5,2,555
NICK,WAHLBERG,MASK PEACH,2006,13,2,561
NICK,WAHLBERG,ROOF CHAMPION,2006,10,2,742
NICK,WAHLBERG,RUSHMORE MERMAID,2006,5,2,754
NICK,WAHLBERG,SMILE EARRING,2006,16,2,811
NICK,WAHLBERG,WARDROBE PHANTOM,2006,7,2,958
ED,CHASE,ALONE TRIP,2006,12,3,17
ED,CHASE,ARMY FLINTSTONES,2006,6,3,40
ED,CHASE,ARTIST COLDBLOODED,2006,15,3,42
ED,CHASE,BOONDOCK BALLROOM,2006,16,3,87
ED,CHASE,CADDYSHACK JEDI,2006,1,3,111
ED,CHASE,COWBOY DOOM,2006,9,3,185
ED,CHASE,EVE RESURRECTION,2006,13,3,289
ED,CHASE,FORREST SONS,2006,1,3,329
ED,CHASE,FRENCH HOLIDAY,2006,6,3,336
ED,CHASE,FROST HEAD,2006,4,3,341
ED,CHASE,HALLOWEEN NUTS,2006,6,3,393
ED,CHASE,HUNTER ALTER,2006,6,3,441
ED,CHASE,IMAGE PRINCESS,2006,15,3,453
ED,CHASE,JEEPERS WEDDING,2006,4,3,480
ED,CHASE,LUCK OPUS,2006,7,3,539
ED,CHASE,NECKLACE OUTBREAK,2006,7,3,618
ED,CHASE,PLATOON INSTINCT,2006,13,3,685
ED,CHASE,SPICE SORORITY,2006,7,3,827
ED,CHASE,WEDDING APOLLO,2006,6,3,966
ED,CHASE,WEEKEND PERSONAL,2006,14,3,967
ED,CHASE,WHALE BIKINI,2006,9,3,971
ED,CHASE,YOUNG LANGUAGE,2006,6,3,996
JENNIFER,DAVIS,ANACONDA CONFESSIONS,2006,2,4,23
JENNIFER,DAVIS,ANGELS LIFE,2006,13,4,25
JENNIFER,DAVIS,BAREFOOT MANCHURIAN,2006,1,4,56
JENNIFER,DAVIS,BED HIGHBALL,2006,6,4,62
JENNIFER,DAVIS,BLADE POLISH,2006,7,4,79
JENNIFER,DAVIS,BOONDOCK BALLROOM,2006,16,4,87
JENNIFER,DAVIS,GHOSTBUSTERS ELF,2006,2,4,355
JENNIFER,DAVIS,GREEDY ROOTS,2006,7,4,379
JENNIFER,DAVIS,HANOVER GALAXY,2006,12,4,398
JENNIFER,DAVIS,INSTINCT AIRPORT,2006,15,4,463
JENNIFER,DAVIS,JUMANJI BLADE,2006,13,4,490
JENNIFER,DAVIS,NATIONAL STORY,2006,6,4,616
JENNIFER,DAVIS,OKLAHOMA JUMANJI,2006,13,4,635
JENNIFER,DAVIS,POSEIDON FOREVER,2006,15,4,691
JENNIFER,DAVIS,RAIDERS ANTITRUST,2006,6,4,712
JENNIFER,DAVIS,RANDOM GO,2006,14,4,714
JENNIFER,DAVIS,REDS POCUS,2006,12,4,721
JENNIFER,DAVIS,SILVERADO GOLDFINGER,2006,14,4,798
JENNIFER,DAVIS,SPLASH GUMP,2006,8,4,832
JENNIFER,DAVIS,SUBMARINE BED,2006,5,4,858
JENNIFER,DAVIS,TREASURE COMMAND,2006,11,4,909
JENNIFER,DAVIS,UNFORGIVEN ZOOLANDER,2006,14,4,924
JOHNNY,LOLLOBRIGIDA,AMADEUS HOLY,2006,1,5,19
JOHNNY,LOLLOBRIGIDA,BANGER PINOCCHIO,2006,12,5,54
JOHNNY,LOLLOBRIGIDA,BONNIE HOLOCAUST,2006,6,5,85
JOHNNY,LOLLOBRIGIDA,CHITTY LOCK,2006,7,5,146
JOHNNY,LOLLOBRIGIDA,COMMANDMENTS EXPRESS,2006,11,5,171
JOHNNY,LOLLOBRIGIDA,CONEHEADS SMOOCHY,2006,7,5,172
JOHNNY,LOLLOBRIGIDA,DADDY PITTSBURGH,2006,5,5,202
JOHNNY,LOLLOBRIGIDA,DAISY MENAGERIE,2006,14,5,203
JOHNNY,LOLLOBRIGIDA,ENOUGH RAGING,2006,16,5,286
JOHNNY,LOLLOBRIGIDA,ESCAPE METROPOLIS,2006,16,5,288
JOHNNY,LOLLOBRIGIDA,FIRE WOLVES,2006,10,5,316
JOHNNY,LOLLOBRIGIDA,FRONTIER CABIN,2006,13,5,340
JOHNNY,LOLLOBRIGIDA,GOODFELLAS SALUTE,2006,14,5,369
JOHNNY,LOLLOBRIGIDA,GRAIL FRANKENSTEIN,2006,1,5,375
JOHNNY,LOLLOBRIGIDA,GROOVE FICTION,2006,15,5,383
JOHNNY,LOLLOBRIGIDA,HALL CASSIDY,2006,3,5,392
JOHNNY,LOLLOBRIGIDA,HEAVENLY GUN,2006,12,5,411
JOHNNY,LOLLOBRIGIDA,KRAMER CHOCOLATE,2006,15,5,503
JOHNNY,LOLLOBRIGIDA,LOVE SUICIDES,2006,11,5,535
JOHNNY,LOLLOBRIGIDA,METAL ARMAGEDDON,2006,6,5,571
JOHNNY,LOLLOBRIGIDA,PACIFIC AMISTAD,2006,6,5,650
JOHNNY,LOLLOBRIGIDA,PATTON INTERVIEW,2006,11,5,665
JOHNNY,LOLLOBRIGIDA,POCUS PULP,2006,6,5,687
JOHNNY,LOLLOBRIGIDA,RIDGEMONT SUBMARINE,2006,13,5,730
JOHNNY,LOLLOBRIGIDA,RINGS HEARTBREAKERS,2006,1,5,732
JOHNNY,LOLLOBRIGIDA,SMILE EARRING,2006,16,5,811
JOHNNY,LOLLOBRIGIDA,SOLDIERS EVOLUTION,2006,14,5,817
JOHNNY,LOLLOBRIGIDA,STAR OPERATION,2006,15,5,841
JOHNNY,LOLLOBRIGIDA,SUNRISE LEAGUE,2006,2,5,865
BETTE,NICHOLSON,ANTITRUST TOMATOES,2006,1,6,29
BETTE,NICHOLSON,BANG KWAI,2006,8,6,53
BETTE,NICHOLSON,BEAST HUNCHBACK,2006,4,6,60
BETTE,NICHOLSON,BIKINI BORROWERS,2006,2,6,70
BETTE,NICHOLSON,CALENDAR GUNFIGHT,2006,9,6,112
BETTE,NICHOLSON,COAST RAINBOW,2006,6,6,164
BETTE,NICHOLSON,COLDBLOODED DARLING,2006,14,6,165
BETTE,NICHOLSON,CROSSROADS CASUALTIES,2006,2,6,193
BETTE,NICHOLSON,DROP WATERFRONT,2006,15,6,256
BETTE,NICHOLSON,IGBY MAKER,2006,16,6,451
BETTE,NICHOLSON,KRAMER CHOCOLATE,2006,15,6,503
BETTE,NICHOLSON,LANGUAGE COWBOY,2006,3,6,509
BETTE,NICHOLSON,LESSON CLEOPATRA,2006,15,6,517
BETTE,NICHOLSON,LIBERTY MAGNIFICENT,2006,15,6,519
BETTE,NICHOLSON,MULHOLLAND BEAST,2006,9,6,605
BETTE,NICHOLSON,POTLUCK MIXED,2006,2,6,692
BETTE,NICHOLSON,SPEED SUIT,2006,16,6,826
BETTE,NICHOLSON,TITANIC BOONDOCK,2006,2,6,892
BETTE,NICHOLSON,TRADING PINOCCHIO,2006,15,6,902
BETTE,NICHOLSON,WYOMING STORM,2006,13,6,994
GRACE,MOSTEL,ANGELS LIFE,2006,13,7,25
GRACE,MOSTEL,ANONYMOUS HUMAN,2006,15,7,27
GRACE,MOSTEL,ARACHNOPHOBIA ROLLERCOASTER,2006,11,7,35
GRACE,MOSTEL,BERETS AGENT,2006,1,7,67
GRACE,MOSTEL,BREAKING HOME,2006,13,7,96
GRACE,MOSTEL,COMMAND DARLING,2006,9,7,170
GRACE,MOSTEL,CONFESSIONS MAGUIRE,2006,7,7,173
GRACE,MOSTEL,DAZED PUNK,2006,10,7,217
GRACE,MOSTEL,DECEIVER BETRAYED,2006,7,7,218
GRACE,MOSTEL,DESTINATION JERK,2006,7,7,225
GRACE,MOSTEL,EXCITEMENT EVE,2006,1,7,292
GRACE,MOSTEL,GASLIGHT CRUSADE,2006,11,7,351
GRACE,MOSTEL,HELLFIGHTERS SIERRA,2006,9,7,414
GRACE,MOSTEL,INSTINCT AIRPORT,2006,15,7,463
GRACE,MOSTEL,MALKOVICH PET,2006,4,7,554
GRACE,MOSTEL,NECKLACE OUTBREAK,2006,7,7,618
GRACE,MOSTEL,OCTOBER SUBMARINE,2006,4,7,633
GRACE,MOSTEL,OPEN AFRICAN,2006,14,7,637
GRACE,MOSTEL,POSEIDON FOREVER,2006,15,7,691
GRACE,MOSTEL,SAINTS BRIDE,2006,7,7,758
GRACE,MOSTEL,SAVANNAH TOWN,2006,7,7,766
GRACE,MOSTEL,SCISSORHANDS SLUMS,2006,9,7,770
GRACE,MOSTEL,SLEEPLESS MONSOON,2006,2,7,805
GRACE,MOSTEL,SLEEPY JAPANESE,2006,13,7,806
GRACE,MOSTEL,STING PERSONAL,2006,13,7,846
GRACE,MOSTEL,TOWN ARK,2006,9,7,900
GRACE,MOSTEL,TRACY CIDER,2006,2,7,901
GRACE,MOSTEL,TREATMENT JEKYLL,2006,7,7,910
GRACE,MOSTEL,WAR NOTTING,2006,9,7,957
GRACE,MOSTEL,WARLOCK WEREWOLF,2006,3,7,959
MATTHEW,JOHANSSON,BABY HALL,2006,9,8,47
MATTHEW,JOHANSSON,CAMPUS REMEMBER,2006,1,8,115
MATTHEW,JOHANSSON,CLONES PINOCCHIO,2006,12,8,158
MATTHEW,JOHANSSON,CONQUERER NUTS,2006,7,8,179
MATTHEW,JOHANSSON,CROWDS TELEMARK,2006,14,8,195
MATTHEW,JOHANSSON,DANCES NONE,2006,1,8,205
MATTHEW,JOHANSSON,DRIVING POLISH,2006,12,8,255
MATTHEW,JOHANSSON,DURHAM PANKY,2006,15,8,263
MATTHEW,JOHANSSON,FLASH WARS,2006,13,8,321
MATTHEW,JOHANSSON,HANGING DEEP,2006,7,8,396
MATTHEW,JOHANSSON,INDIAN LOVE,2006,8,8,458
MATTHEW,JOHANSSON,LIGHTS DEER,2006,4,8,523
MATTHEW,JOHANSSON,LOSER HUSTLER,2006,15,8,532
MATTHEW,JOHANSSON,MALKOVICH PET,2006,4,8,554
MATTHEW,JOHANSSON,RUNNER MADIGAN,2006,12,8,752
MATTHEW,JOHANSSON,SCHOOL JACKET,2006,9,8,769
MATTHEW,JOHANSSON,SCORPION APOLLO,2006,7,8,771
MATTHEW,JOHANSSON,SUGAR WONKA,2006,2,8,859
MATTHEW,JOHANSSON,TOMORROW HUSTLER,2006,4,8,895
MATTHEW,JOHANSSON,VANISHING ROCKY,2006,12,8,936
JOE,SWANK,ANYTHING SAVANNAH,2006,11,9,30
JOE,SWANK,BIRCH ANTITRUST,2006,12,9,74
JOE,SWANK,CHOCOLAT HARRY,2006,8,9,147
JOE,SWANK,CHOCOLATE DUCK,2006,9,9,148
JOE,SWANK,CROOKED FROGMEN,2006,3,9,191
JOE,SWANK,CURTAIN VIDEOTAPE,2006,10,9,200
JOE,SWANK,DALMATIONS SWEDEN,2006,7,9,204
JOE,SWANK,HORROR REIGN,2006,16,9,434
JOE,SWANK,LAWLESS VISION,2006,2,9,510
JOE,SWANK,LEBOWSKI SOLDIERS,2006,7,9,514
JOE,SWANK,MAJESTIC FLOATS,2006,6,9,552
JOE,SWANK,PACIFIC AMISTAD,2006,6,9,650
JOE,SWANK,PERDITION FARGO,2006,15,9,671
JOE,SWANK,PRIMARY GLASS,2006,1,9,697
JOE,SWANK,REEF SALUTE,2006,11,9,722
JOE,SWANK,RUNNER MADIGAN,2006,12,9,752
JOE,SWANK,SMILE EARRING,2006,16,9,811
JOE,SWANK,SNATCHERS MONTEZUMA,2006,4,9,815
JOE,SWANK,SUNRISE LEAGUE,2006,2,9,865
JOE,SWANK,SWEETHEARTS SUSPECTS,2006,3,9,873
JOE,SWANK,TIES HUNGER,2006,3,9,889
JOE,SWANK,TRAFFIC HOBBIT,2006,16,9,903
JOE,SWANK,UNTOUCHABLES SUNRISE,2006,6,9,926
JOE,SWANK,WATERFRONT DELIVERANCE,2006,1,9,964
JOE,SWANK,WILD APOLLO,2006,13,9,974
CHRISTIAN,GABLE,ACADEMY DINOSAUR,2006,6,10,1
CHRISTIAN,GABLE,ALABAMA DEVIL,2006,11,10,9
CHRISTIAN,GABLE,CROOKED FROGMEN,2006,3,10,191
CHRISTIAN,GABLE,DIVINE RESURRECTION,2006,10,10,236
CHRISTIAN,GABLE,DRAGONFLY STRANGERS,2006,13,10,251
CHRISTIAN,GABLE,GOLDFINGER SENSIBILITY,2006,7,10,366
CHRISTIAN,GABLE,JAWBREAKER BROOKLYN,2006,12,10,477
CHRISTIAN,GABLE,JEEPERS WEDDING,2006,4,10,480
CHRISTIAN,GABLE,LIFE TWISTED,2006,5,10,522
CHRISTIAN,GABLE,LORD ARIZONA,2006,1,10,530
CHRISTIAN,GABLE,MOD SECRETARY,2006,6,10,587
CHRISTIAN,GABLE,PREJUDICE OLEANDER,2006,4,10,694
CHRISTIAN,GABLE,PUNK DIVORCE,2006,2,10,703
CHRISTIAN,GABLE,REAP UNFAITHFUL,2006,11,10,716
CHRISTIAN,GABLE,SHAKESPEARE SADDLE,2006,15,10,782
CHRISTIAN,GABLE,TROUBLE DATE,2006,16,10,914
CHRISTIAN,GABLE,USUAL UNTOUCHABLES,2006,9,10,929
CHRISTIAN,GABLE,VACATION BOONDOCK,2006,14,10,930
CHRISTIAN,GABLE,WATERFRONT DELIVERANCE,2006,1,10,964
CHRISTIAN,GABLE,WEDDING APOLLO,2006,6,10,966
CHRISTIAN,GABLE,WIZARD COLDBLOODED,2006,12,10,980
CHRISTIAN,GABLE,WON DARES,2006,12,10,983
ZERO,CAGE,CANYON STOCK,2006,2,11,118
ZERO,CAGE,DANCES NONE,2006,1,11,205
ZERO,CAGE,ENCINO ELF,2006,10,11,281
ZERO,CAGE,ENDING CROWDS,2006,13,11,283
ZERO,CAGE,GANDHI KWAI,2006,8,11,348
ZERO,CAGE,GODFATHER DIARY,2006,13,11,364
ZERO,CAGE,HANDICAP BOONDOCK,2006,1,11,395
ZERO,CAGE,HONEY TIES,2006,15,11,429
ZERO,CAGE,HORN WORKING,2006,2,11,433
ZERO,CAGE,IMAGE PRINCESS,2006,15,11,453
ZERO,CAGE,JERSEY SASSY,2006,3,11,485
ZERO,CAGE,LOSER HUSTLER,2006,15,11,532
ZERO,CAGE,MEET CHOCOLATE,2006,9,11,567
ZERO,CAGE,MOD SECRETARY,2006,6,11,587
ZERO,CAGE,MOONWALKER FOOL,2006,10,11,597
ZERO,CAGE,OLEANDER CLUE,2006,12,11,636
ZERO,CAGE,RACER EGG,2006,7,11,709
ZERO,CAGE,STORY SIDE,2006,1,11,850
ZERO,CAGE,STRANGERS GRAFFITI,2006,11,11,854
ZERO,CAGE,THIN SAGEBRUSH,2006,6,11,888
ZERO,CAGE,TOOTSIE PILOT,2006,3,11,896
ZERO,CAGE,UPTOWN YOUNG,2006,3,11,928
ZERO,CAGE,VELVET TERMINATOR,2006,5,11,938
ZERO,CAGE,WEST LION,2006,7,11,969
ZERO,CAGE,WORKER TARZAN,2006,16,11,988
KARL,BERRY,ALLEY EVOLUTION,2006,9,12,16
KARL,BERRY,ALONE TRIP,2006,12,12,17
KARL,BERRY,ARABIA DOGMA,2006,11,12,34
KARL,BERRY,ARIZONA BANG,2006,4,12,37
KARL,BERRY,BOUND CHEAPER,2006,4,12,91
KARL,BERRY,BOWFINGER GABLES,2006,11,12,92
KARL,BERRY,BUNCH MINDS,2006,7,12,107
KARL,BERRY,CLEOPATRA DEVIL,2006,13,12,155
KARL,BERRY,CONNECTICUT TRAMP,2006,14,12,177
KARL,BERRY,DARES PLUTO,2006,2,12,208
KARL,BERRY,DATE SPEED,2006,8,12,213
KARL,BERRY,DAY UNFAITHFUL,2006,13,12,216
KARL,BERRY,DOORS PRESIDENT,2006,2,12,243
KARL,BERRY,FURY MURDER,2006,3,12,344
KARL,BERRY,HARDLY ROBBERS,2006,6,12,400
KARL,BERRY,HIGHBALL POTTER,2006,9,12,416
KARL,BERRY,HOLES BRANNIGAN,2006,15,12,420
KARL,BERRY,INDEPENDENCE HOTEL,2006,6,12,457
KARL,BERRY,LEATHERNECKS DWARFS,2006,16,12,513
KARL,BERRY,LUCKY FLYING,2006,12,12,540
KARL,BERRY,MONTEREY LABYRINTH,2006,11,12,593
KARL,BERRY,NOVOCAINE FLIGHT,2006,15,12,631
KARL,BERRY,OKLAHOMA JUMANJI,2006,13,12,635
KARL,BERRY,PERFECT GROOVE,2006,5,12,672
KARL,BERRY,REAP UNFAITHFUL,2006,11,12,716
KARL,BERRY,REUNION WITCHES,2006,7,12,728
KARL,BERRY,SMOKING BARBARELLA,2006,6,12,812
KARL,BERRY,STAGECOACH ARMAGEDDON,2006,1,12,838
KARL,BERRY,SWEDEN SHINING,2006,5,12,871
KARL,BERRY,TELEMARK HEARTBREAKERS,2006,2,12,880
KARL,BERRY,VIRGINIAN PLUTO,2006,6,12,945
UMA,WOOD,ALONE TRIP,2006,12,13,17
UMA,WOOD,ANTITRUST TOMATOES,2006,1,13,29
UMA,WOOD,ATTRACTION NEWTON,2006,13,13,45
UMA,WOOD,BOONDOCK BALLROOM,2006,16,13,87
UMA,WOOD,CABIN FLASH,2006,3,13,110
UMA,WOOD,CHINATOWN GLADIATOR,2006,13,13,144
UMA,WOOD,CLASH FREDDY,2006,2,13,154
UMA,WOOD,CLUELESS BUCKET,2006,1,13,162
UMA,WOOD,DAISY MENAGERIE,2006,14,13,203
UMA,WOOD,DRIVER ANNIE,2006,15,13,254
UMA,WOOD,FRIDA SLIPPER,2006,9,13,337
UMA,WOOD,GALAXY SWEETHEARTS,2006,4,13,346
UMA,WOOD,GRINCH MASSAGE,2006,10,13,381
UMA,WOOD,GROUNDHOG UNCUT,2006,5,13,385
UMA,WOOD,HOMEWARD CIDER,2006,6,13,427
UMA,WOOD,INCH JET,2006,2,13,456
UMA,WOOD,LEATHERNECKS DWARFS,2006,16,13,513
UMA,WOOD,LEGALLY SECRETARY,2006,3,13,515
UMA,WOOD,LIFE TWISTED,2006,5,13,522
UMA,WOOD,LION UNCUT,2006,5,13,524
UMA,WOOD,LOLITA WORLD,2006,8,13,528
UMA,WOOD,METAL ARMAGEDDON,2006,6,13,571
UMA,WOOD,MODEL FISH,2006,3,13,588
UMA,WOOD,MOONWALKER FOOL,2006,10,13,597
UMA,WOOD,MOTIONS DETAILS,2006,11,13,600
UMA,WOOD,REBEL AIRPORT,2006,12,13,718
UMA,WOOD,RIDER CADDYSHACK,2006,15,13,729
UMA,WOOD,SNOWMAN ROLLERCOASTER,2006,2,13,816
UMA,WOOD,SOLDIERS EVOLUTION,2006,14,13,817
UMA,WOOD,SPLASH GUMP,2006,8,13,832
UMA,WOOD,SPLENDOR PATTON,2006,3,13,833
UMA,WOOD,STEEL SANTA,2006,4,13,843
UMA,WOOD,TORQUE BOUND,2006,7,13,897
UMA,WOOD,WEDDING APOLLO,2006,6,13,966
UMA,WOOD,ZHIVAGO CORE,2006,11,13,998
VIVIEN,BERGEN,CLASH FREDDY,2006,2,14,154
VIVIEN,BERGEN,CRANES RESERVOIR,2006,15,14,187
VIVIEN,BERGEN,DIRTY ACE,2006,10,14,232
VIVIEN,BERGEN,DONNIE ALLEY,2006,2,14,241
VIVIEN,BERGEN,DRIFTER COMMANDMENTS,2006,1,14,253
VIVIEN,BERGEN,DRIVING POLISH,2006,12,14,255
VIVIEN,BERGEN,DRUMS DYNAMITE,2006,11,14,258
VIVIEN,BERGEN,ENEMY ODDS,2006,12,14,284
VIVIEN,BERGEN,EXCITEMENT EVE,2006,1,14,292
VIVIEN,BERGEN,GORGEOUS BINGO,2006,3,14,370
VIVIEN,BERGEN,HIGH ENCINO,2006,11,14,415
VIVIEN,BERGEN,HILLS NEIGHBORS,2006,1,14,417
VIVIEN,BERGEN,HOBBIT ALIEN,2006,7,14,418
VIVIEN,BERGEN,IMPACT ALADDIN,2006,12,14,454
VIVIEN,BERGEN,ITALIAN AFRICAN,2006,16,14,472
VIVIEN,BERGEN,JAPANESE RUN,2006,11,14,475
VIVIEN,BERGEN,KENTUCKIAN GIANT,2006,11,14,495
VIVIEN,BERGEN,LOVELY JINGLE,2006,4,14,536
VIVIEN,BERGEN,LOVER TRUMAN,2006,4,14,537
VIVIEN,BERGEN,MUSSOLINI SPOILERS,2006,15,14,612
VIVIEN,BERGEN,POLISH BROOKLYN,2006,3,14,688
VIVIEN,BERGEN,SALUTE APOLLO,2006,13,14,759
VIVIEN,BERGEN,SATURDAY LAMBS,2006,15,14,764
VIVIEN,BERGEN,STOCK GLASS,2006,13,14,847
VIVIEN,BERGEN,STREETCAR INTENTIONS,2006,11,14,856
VIVIEN,BERGEN,TIGHTS DAWN,2006,15,14,890
VIVIEN,BERGEN,TRAP GUYS,2006,9,14,908
VIVIEN,BERGEN,TYCOON GATHERING,2006,10,14,919
VIVIEN,BERGEN,VOICE PEACH,2006,13,14,948
VIVIEN,BERGEN,WESTWARD SEABISCUIT,2006,4,14,970
CUBA,OLIVIER,APACHE DIVINE,2006,8,15,31
CUBA,OLIVIER,BORROWERS BEDAZZLED,2006,2,15,89
CUBA,OLIVIER,BOUND CHEAPER,2006,4,15,91
CUBA,OLIVIER,BUTCH PANTHER,2006,13,15,108
CUBA,OLIVIER,CASSIDY WYOMING,2006,16,15,125
CUBA,OLIVIER,DIVINE RESURRECTION,2006,10,15,236
CUBA,OLIVIER,EGYPT TENENBAUMS,2006,11,15,275
CUBA,OLIVIER,EMPIRE MALKOVICH,2006,3,15,280
CUBA,OLIVIER,FLYING HOOK,2006,2,15,326
CUBA,OLIVIER,FUGITIVE MAGUIRE,2006,16,15,342
CUBA,OLIVIER,HELLFIGHTERS SIERRA,2006,9,15,414
CUBA,OLIVIER,HYDE DOCTOR,2006,4,15,445
CUBA,OLIVIER,KISS GLORY,2006,9,15,500
CUBA,OLIVIER,KNOCK WARLOCK,2006,5,15,502
CUBA,OLIVIER,LUKE MUMMY,2006,2,15,541
CUBA,OLIVIER,MAKER GABLES,2006,3,15,553
CUBA,OLIVIER,MONTEZUMA COMMAND,2006,1,15,594
CUBA,OLIVIER,NOON PAPI,2006,3,15,626
CUBA,OLIVIER,OKLAHOMA JUMANJI,2006,13,15,635
CUBA,OLIVIER,ROSES TREASURE,2006,15,15,745
CUBA,OLIVIER,SHANE DARKNESS,2006,16,15,783
CUBA,OLIVIER,SIEGE MADRE,2006,8,15,795
CUBA,OLIVIER,SOLDIERS EVOLUTION,2006,14,15,817
CUBA,OLIVIER,THEORY MERMAID,2006,2,15,886
CUBA,OLIVIER,UNFORGIVEN ZOOLANDER,2006,14,15,924
CUBA,OLIVIER,VOLCANO TEXAS,2006,10,15,949
CUBA,OLIVIER,WEREWOLF LOLA,2006,1,15,968
CUBA,OLIVIER,WONDERLAND CHRISTMAS,2006,14,15,985
FRED,COSTNER,BLANKET BEVERLY,2006,8,16,80
FRED,COSTNER,BOONDOCK BALLROOM,2006,16,16,87
FRED,COSTNER,BROTHERHOOD BLANKET,2006,6,16,101
FRED,COSTNER,CAROL TEXAS,2006,2,16,121
FRED,COSTNER,CLEOPATRA DEVIL,2006,13,16,155
FRED,COSTNER,CONNECTICUT TRAMP,2006,14,16,177
FRED,COSTNER,DECEIVER BETRAYED,2006,7,16,218
FRED,COSTNER,DELIVERANCE MULHOLLAND,2006,6,16,221
FRED,COSTNER,EAGLES PANKY,2006,13,16,267
FRED,COSTNER,EARRING INSTINCT,2006,8,16,269
FRED,COSTNER,EASY GLADIATOR,2006,1,16,271
FRED,COSTNER,EMPIRE MALKOVICH,2006,3,16,280
FRED,COSTNER,ENTRAPMENT SATISFACTION,2006,1,16,287
FRED,COSTNER,GABLES METROPOLIS,2006,8,16,345
FRED,COSTNER,HUMAN GRAFFITI,2006,10,16,438
FRED,COSTNER,IMAGE PRINCESS,2006,15,16,453
FRED,COSTNER,IMPOSSIBLE PREJUDICE,2006,9,16,455
FRED,COSTNER,INCH JET,2006,2,16,456
FRED,COSTNER,KRAMER CHOCOLATE,2006,15,16,503
FRED,COSTNER,MAGNIFICENT CHITTY,2006,4,16,548
FRED,COSTNER,MIRACLE VIRTUAL,2006,2,16,582
FRED,COSTNER,MISSION ZOOLANDER,2006,2,16,583
FRED,COSTNER,REAR TRADING,2006,1,16,717
FRED,COSTNER,SAINTS BRIDE,2006,7,16,758
FRED,COSTNER,SENSE GREEK,2006,15,16,779
FRED,COSTNER,THEORY MERMAID,2006,2,16,886
FRED,COSTNER,WEEKEND PERSONAL,2006,14,16,967
HELEN,VOIGHT,BREAKING HOME,2006,13,17,96
HELEN,VOIGHT,CAPER MOTIONS,2006,5,17,119
HELEN,VOIGHT,CASPER DRAGONFLY,2006,3,17,124
HELEN,VOIGHT,CAT CONEHEADS,2006,5,17,127
HELEN,VOIGHT,CLASH FREDDY,2006,2,17,154
HELEN,VOIGHT,CUPBOARD SINNERS,2006,6,17,199
HELEN,VOIGHT,CYCLONE FAMILY,2006,9,17,201
HELEN,VOIGHT,DIVINE RESURRECTION,2006,10,17,236
HELEN,VOIGHT,EMPIRE MALKOVICH,2006,3,17,280
HELEN,VOIGHT,FEVER EMPIRE,2006,10,17,310
HELEN,VOIGHT,FIDELITY DEVIL,2006,11,17,313
HELEN,VOIGHT,GREATEST NORTH,2006,12,17,378
HELEN,VOIGHT,INDEPENDENCE HOTEL,2006,6,17,457
HELEN,VOIGHT,IRON MOON,2006,4,17,469
HELEN,VOIGHT,JAWS HARRY,2006,5,17,478
HELEN,VOIGHT,KISS GLORY,2006,9,17,500
HELEN,VOIGHT,LEGALLY SECRETARY,2006,3,17,515
HELEN,VOIGHT,LIES TREATMENT,2006,7,17,521
HELEN,VOIGHT,MICROCOSMOS PARADISE,2006,3,17,573
HELEN,VOIGHT,MOVIE SHAKESPEARE,2006,8,17,603
HELEN,VOIGHT,MUMMY CREATURES,2006,15,17,606
HELEN,VOIGHT,ROAD ROXANNE,2006,6,17,734
HELEN,VOIGHT,SCISSORHANDS SLUMS,2006,9,17,770
HELEN,VOIGHT,SIDE ARK,2006,1,17,794
HELEN,VOIGHT,SINNERS ATLANTIS,2006,11,17,800
HELEN,VOIGHT,STRANGER STRANGERS,2006,3,17,853
HELEN,VOIGHT,SWEETHEARTS SUSPECTS,2006,3,17,873
HELEN,VOIGHT,TADPOLE PARK,2006,4,17,874
HELEN,VOIGHT,TELEMARK HEARTBREAKERS,2006,2,17,880
HELEN,VOIGHT,VOICE PEACH,2006,13,17,948
HELEN,VOIGHT,WAR NOTTING,2006,9,17,957
HELEN,VOIGHT,WARLOCK WEREWOLF,2006,3,17,959
DAN,TORN,ATTACKS HATE,2006,14,18,44
DAN,TORN,BOILED DARES,2006,16,18,84
DAN,TORN,CHINATOWN GLADIATOR,2006,13,18,144
DAN,TORN,CONEHEADS SMOOCHY,2006,7,18,172
DAN,TORN,EARLY HOME,2006,2,18,268
DAN,TORN,ELIZABETH SHANE,2006,15,18,279
DAN,TORN,EMPIRE MALKOVICH,2006,3,18,280
DAN,TORN,FLASH WARS,2006,13,18,321
DAN,TORN,GUMP DATE,2006,16,18,386
DAN,TORN,INNOCENT USUAL,2006,9,18,460
DAN,TORN,INSIDER ARIZONA,2006,12,18,462
DAN,TORN,JERK PAYCHECK,2006,4,18,484
DAN,TORN,LOVELY JINGLE,2006,4,18,536
DAN,TORN,MASK PEACH,2006,13,18,561
DAN,TORN,MUSSOLINI SPOILERS,2006,15,18,612
DAN,TORN,REAR TRADING,2006,1,18,717
DAN,TORN,SLING LUKE,2006,4,18,808
DAN,TORN,STATE WASTELAND,2006,10,18,842
DAN,TORN,SUN CONFESSIONS,2006,14,18,863
DAN,TORN,TEQUILA PAST,2006,3,18,883
DAN,TORN,TUXEDO MILE,2006,15,18,917
DAN,TORN,VIRGIN DAISY,2006,7,18,944
BOB,FAWCETT,ACE GOLDFINGER,2006,11,19,2
BOB,FAWCETT,ADAPTATION HOLES,2006,6,19,3
BOB,FAWCETT,CHINATOWN GLADIATOR,2006,13,19,144
BOB,FAWCETT,CIRCUS YOUTH,2006,3,19,152
BOB,FAWCETT,CONTROL ANTHEM,2006,5,19,182
BOB,FAWCETT,DARES PLUTO,2006,2,19,208
BOB,FAWCETT,DARN FORRESTER,2006,1,19,212
BOB,FAWCETT,DAZED PUNK,2006,10,19,217
BOB,FAWCETT,DYNAMITE TARZAN,2006,4,19,266
BOB,FAWCETT,HATE HANDICAP,2006,5,19,404
BOB,FAWCETT,HOMICIDE PEACH,2006,8,19,428
BOB,FAWCETT,JACKET FRISCO,2006,7,19,473
BOB,FAWCETT,JUMANJI BLADE,2006,13,19,490
BOB,FAWCETT,LAWLESS VISION,2006,2,19,510
BOB,FAWCETT,LEATHERNECKS DWARFS,2006,16,19,513
BOB,FAWCETT,OSCAR GOLD,2006,2,19,644
BOB,FAWCETT,PELICAN COMFORTS,2006,6,19,670
BOB,FAWCETT,PERSONAL LADYBUGS,2006,12,19,673
BOB,FAWCETT,RAGING AIRPLANE,2006,14,19,711
BOB,FAWCETT,RUN PACIFIC,2006,13,19,750
BOB,FAWCETT,RUNNER MADIGAN,2006,12,19,752
BOB,FAWCETT,SADDLE ANTITRUST,2006,5,19,756
BOB,FAWCETT,SCORPION APOLLO,2006,7,19,771
BOB,FAWCETT,SHAWSHANK BUBBLE,2006,16,19,785
BOB,FAWCETT,TAXI KICK,2006,12,19,877
LUCILLE,TRACY,ACADEMY DINOSAUR,2006,6,20,1
LUCILLE,TRACY,BANGER PINOCCHIO,2006,12,20,54
LUCILLE,TRACY,BEDAZZLED MARRIED,2006,8,20,63
LUCILLE,TRACY,CHEAPER CLYDE,2006,14,20,140
LUCILLE,TRACY,CHITTY LOCK,2006,7,20,146
LUCILLE,TRACY,COLDBLOODED DARLING,2006,14,20,165
LUCILLE,TRACY,DINOSAUR SECRETARY,2006,8,20,231
LUCILLE,TRACY,DOORS PRESIDENT,2006,2,20,243
LUCILLE,TRACY,EARRING INSTINCT,2006,8,20,269
LUCILLE,TRACY,EGG IGBY,2006,6,20,274
LUCILLE,TRACY,GANDHI KWAI,2006,8,20,348
LUCILLE,TRACY,GOLDFINGER SENSIBILITY,2006,7,20,366
LUCILLE,TRACY,HYDE DOCTOR,2006,4,20,445
LUCILLE,TRACY,JAWS HARRY,2006,5,20,478
LUCILLE,TRACY,JUNGLE CLOSER,2006,13,20,492
LUCILLE,TRACY,KING EVOLUTION,2006,8,20,499
LUCILLE,TRACY,LOLA AGENT,2006,11,20,527
LUCILLE,TRACY,LOSE INCH,2006,9,20,531
LUCILLE,TRACY,LOVERBOY ATTACKS,2006,13,20,538
LUCILLE,TRACY,MODERN DORADO,2006,6,20,589
LUCILLE,TRACY,ORIENT CLOSER,2006,7,20,643
LUCILLE,TRACY,PAJAMA JAWBREAKER,2006,4,20,652
LUCILLE,TRACY,PATIENT SISTER,2006,4,20,663
LUCILLE,TRACY,RANDOM GO,2006,14,20,714
LUCILLE,TRACY,REAR TRADING,2006,1,20,717
LUCILLE,TRACY,SAGEBRUSH CLUELESS,2006,6,20,757
LUCILLE,TRACY,SHANGHAI TYCOON,2006,16,20,784
LUCILLE,TRACY,SUN CONFESSIONS,2006,14,20,863
LUCILLE,TRACY,WASTELAND DIVINE,2006,4,20,962
LUCILLE,TRACY,WINDOW SIDE,2006,16,20,977
KIRSTEN,PALTROW,AGENT TRUMAN,2006,9,21,6
KIRSTEN,PALTROW,BOONDOCK BALLROOM,2006,16,21,87
KIRSTEN,PALTROW,BORN SPINAL,2006,16,21,88
KIRSTEN,PALTROW,CHICKEN HELLFIGHTERS,2006,6,21,142
KIRSTEN,PALTROW,CLOSER BANG,2006,5,21,159
KIRSTEN,PALTROW,CONQUERER NUTS,2006,7,21,179
KIRSTEN,PALTROW,DRIFTER COMMANDMENTS,2006,1,21,253
KIRSTEN,PALTROW,ENCINO ELF,2006,10,21,281
KIRSTEN,PALTROW,FLASH WARS,2006,13,21,321
KIRSTEN,PALTROW,HANOVER GALAXY,2006,12,21,398
KIRSTEN,PALTROW,HOME PITY,2006,12,21,426
KIRSTEN,PALTROW,HONEY TIES,2006,15,21,429
KIRSTEN,PALTROW,KILL BROTHERHOOD,2006,6,21,497
KIRSTEN,PALTROW,LADYBUGS ARMAGEDDON,2006,10,21,507
KIRSTEN,PALTROW,LORD ARIZONA,2006,1,21,530
KIRSTEN,PALTROW,PINOCCHIO SIMON,2006,5,21,680
KIRSTEN,PALTROW,PLUTO OLEANDER,2006,13,21,686
KIRSTEN,PALTROW,PRIX UNDEFEATED,2006,8,21,700
KIRSTEN,PALTROW,PULP BEVERLY,2006,11,21,702
KIRSTEN,PALTROW,RIVER OUTLAW,2006,15,21,733
KIRSTEN,PALTROW,ROAD ROXANNE,2006,6,21,734
KIRSTEN,PALTROW,SILVERADO GOLDFINGER,2006,14,21,798
KIRSTEN,PALTROW,SLEEPING SUSPECTS,2006,11,21,804
KIRSTEN,PALTROW,THIEF PELICAN,2006,2,21,887
KIRSTEN,PALTROW,TITANS JERK,2006,14,21,893
KIRSTEN,PALTROW,UNBREAKABLE KARATE,2006,13,21,920
KIRSTEN,PALTROW,WON DARES,2006,12,21,983
ELVIS,MARX,ALABAMA DEVIL,2006,11,22,9
ELVIS,MARX,ANACONDA CONFESSIONS,2006,2,22,23
ELVIS,MARX,BAREFOOT MANCHURIAN,2006,1,22,56
ELVIS,MARX,BORROWERS BEDAZZLED,2006,2,22,89
ELVIS,MARX,CADDYSHACK JEDI,2006,1,22,111
ELVIS,MARX,CHITTY LOCK,2006,7,22,146
ELVIS,MARX,EVOLUTION ALTER,2006,15,22,291
ELVIS,MARX,EXPECATIONS NATURAL,2006,16,22,294
ELVIS,MARX,GANGS PRIDE,2006,2,22,349
ELVIS,MARX,GOODFELLAS SALUTE,2006,14,22,369
ELVIS,MARX,HOBBIT ALIEN,2006,7,22,418
ELVIS,MARX,HOOK CHARIOTS,2006,2,22,430
ELVIS,MARX,JERICHO MULAN,2006,10,22,483
ELVIS,MARX,JUMPING WRATH,2006,3,22,491
ELVIS,MARX,KENTUCKIAN GIANT,2006,11,22,495
ELVIS,MARX,LOVELY JINGLE,2006,4,22,536
ELVIS,MARX,MOTIONS DETAILS,2006,11,22,600
ELVIS,MARX,ODDS BOOGIE,2006,8,22,634
ELVIS,MARX,OUTLAW HANKY,2006,16,22,648
ELVIS,MARX,POLISH BROOKLYN,2006,3,22,688
ELVIS,MARX,RIGHT CRANES,2006,4,22,731
ELVIS,MARX,ROOF CHAMPION,2006,10,22,742
ELVIS,MARX,SEATTLE EXPECATIONS,2006,7,22,775
ELVIS,MARX,SKY MIRACLE,2006,1,22,802
ELVIS,MARX,TROJAN TOMORROW,2006,14,22,912
ELVIS,MARX,WATERFRONT DELIVERANCE,2006,1,22,964
SANDRA,KILMER,AGENT TRUMAN,2006,9,23,6
SANDRA,KILMER,ARTIST COLDBLOODED,2006,15,23,42
SANDRA,KILMER,BLACKOUT PRIVATE,2006,2,23,78
SANDRA,KILMER,BULL SHAWSHANK,2006,1,23,105
SANDRA,KILMER,CANDIDATE PERDITION,2006,4,23,116
SANDRA,KILMER,CANDLES GRAPES,2006,10,23,117
SANDRA,KILMER,CASSIDY WYOMING,2006,16,23,125
SANDRA,KILMER,DARN FORRESTER,2006,1,23,212
SANDRA,KILMER,DESTINY SATURDAY,2006,13,23,226
SANDRA,KILMER,DIVIDE MONSTER,2006,14,23,235
SANDRA,KILMER,DRIVER ANNIE,2006,15,23,254
SANDRA,KILMER,GOLDMINE TYCOON,2006,14,23,367
SANDRA,KILMER,GORGEOUS BINGO,2006,3,23,370
SANDRA,KILMER,HELLFIGHTERS SIERRA,2006,9,23,414
SANDRA,KILMER,HOCUS FRIDA,2006,8,23,419
SANDRA,KILMER,HOTEL HAPPINESS,2006,9,23,435
SANDRA,KILMER,IDENTITY LOVER,2006,14,23,449
SANDRA,KILMER,JUMPING WRATH,2006,3,23,491
SANDRA,KILMER,LOVELY JINGLE,2006,4,23,536
SANDRA,KILMER,MAGNOLIA FORRESTER,2006,1,23,549
SANDRA,KILMER,OLEANDER CLUE,2006,12,23,636
SANDRA,KILMER,OZ LIAISONS,2006,2,23,649
SANDRA,KILMER,PERSONAL LADYBUGS,2006,12,23,673
SANDRA,KILMER,POSEIDON FOREVER,2006,15,23,691
SANDRA,KILMER,SAVANNAH TOWN,2006,7,23,766
SANDRA,KILMER,SHAKESPEARE SADDLE,2006,15,23,782
SANDRA,KILMER,SLEEPING SUSPECTS,2006,11,23,804
SANDRA,KILMER,SONS INTERVIEW,2006,2,23,820
SANDRA,KILMER,SPEED SUIT,2006,16,23,826
SANDRA,KILMER,SPLENDOR PATTON,2006,3,23,833
SANDRA,KILMER,STATE WASTELAND,2006,10,23,842
SANDRA,KILMER,STRANGER STRANGERS,2006,3,23,853
SANDRA,KILMER,STREAK RIDGEMONT,2006,6,23,855
SANDRA,KILMER,STREETCAR INTENTIONS,2006,11,23,856
SANDRA,KILMER,VANISHED GARDEN,2006,13,23,935
SANDRA,KILMER,WOLVES DESIRE,2006,16,23,981
SANDRA,KILMER,YOUTH KICK,2006,12,23,997
CAMERON,STREEP,ADAPTATION HOLES,2006,6,24,3
CAMERON,STREEP,BLUES INSTINCT,2006,8,24,83
CAMERON,STREEP,CALENDAR GUNFIGHT,2006,9,24,112
CAMERON,STREEP,CASUALTIES ENCINO,2006,1,24,126
CAMERON,STREEP,CHOCOLATE DUCK,2006,9,24,148
CAMERON,STREEP,COAST RAINBOW,2006,6,24,164
CAMERON,STREEP,CONNECTION MICROCOSMOS,2006,5,24,178
CAMERON,STREEP,CROW GREASE,2006,1,24,194
CAMERON,STREEP,CUPBOARD SINNERS,2006,6,24,199
CAMERON,STREEP,DOOM DANCING,2006,5,24,242
CAMERON,STREEP,DROP WATERFRONT,2006,15,24,256
CAMERON,STREEP,ELEPHANT TROJAN,2006,11,24,277
CAMERON,STREEP,FREEDOM CLEOPATRA,2006,5,24,335
CAMERON,STREEP,HAUNTED ANTITRUST,2006,16,24,405
CAMERON,STREEP,INSTINCT AIRPORT,2006,15,24,463
CAMERON,STREEP,LEGALLY SECRETARY,2006,3,24,515
CAMERON,STREEP,MOB DUFFEL,2006,7,24,585
CAMERON,STREEP,MOVIE SHAKESPEARE,2006,8,24,603
CAMERON,STREEP,PANIC CLUB,2006,11,24,653
CAMERON,STREEP,PURE RUNNER,2006,5,24,704
CAMERON,STREEP,SEVEN SWARM,2006,10,24,781
CAMERON,STREEP,SPINAL ROCKY,2006,8,24,829
CAMERON,STREEP,SPLASH GUMP,2006,8,24,832
CAMERON,STREEP,WEST LION,2006,7,24,969
KEVIN,BLOOM,AMERICAN CIRCUS,2006,1,25,21
KEVIN,BLOOM,BOOGIE AMELIE,2006,12,25,86
KEVIN,BLOOM,CITIZEN SHREK,2006,14,25,153
KEVIN,BLOOM,CONQUERER NUTS,2006,7,25,179
KEVIN,BLOOM,DALMATIONS SWEDEN,2006,7,25,204
KEVIN,BLOOM,DATE SPEED,2006,8,25,213
KEVIN,BLOOM,DESTINY SATURDAY,2006,13,25,226
KEVIN,BLOOM,DOUBLE WRATH,2006,2,25,245
KEVIN,BLOOM,FICTION CHRISTMAS,2006,9,25,311
KEVIN,BLOOM,HATE HANDICAP,2006,5,25,404
KEVIN,BLOOM,HEAVENLY GUN,2006,12,25,411
KEVIN,BLOOM,HOLES BRANNIGAN,2006,15,25,420
KEVIN,BLOOM,LOVERBOY ATTACKS,2006,13,25,538
KEVIN,BLOOM,MASSAGE IMAGE,2006,2,25,564
KEVIN,BLOOM,MISSION ZOOLANDER,2006,2,25,583
KEVIN,BLOOM,MUMMY CREATURES,2006,15,25,606
KEVIN,BLOOM,POLISH BROOKLYN,2006,3,25,688
KEVIN,BLOOM,PRIMARY GLASS,2006,1,25,697
KEVIN,BLOOM,SABRINA MIDNIGHT,2006,3,25,755
KEVIN,BLOOM,SWEDEN SHINING,2006,5,25,871
KEVIN,BLOOM,TROUBLE DATE,2006,16,25,914
RIP,CRAWFORD,ALABAMA DEVIL,2006,11,26,9
RIP,CRAWFORD,AMERICAN CIRCUS,2006,1,26,21
RIP,CRAWFORD,ARABIA DOGMA,2006,11,26,34
RIP,CRAWFORD,BOULEVARD MOB,2006,13,26,90
RIP,CRAWFORD,BRANNIGAN SUNRISE,2006,13,26,93
RIP,CRAWFORD,BUCKET BROTHERHOOD,2006,16,26,103
RIP,CRAWFORD,CHOCOLAT HARRY,2006,8,26,147
RIP,CRAWFORD,CRAFT OUTFIELD,2006,7,26,186
RIP,CRAWFORD,CYCLONE FAMILY,2006,9,26,201
RIP,CRAWFORD,DESTINATION JERK,2006,7,26,225
RIP,CRAWFORD,DONNIE ALLEY,2006,2,26,241
RIP,CRAWFORD,FOOL MOCKINGBIRD,2006,1,26,327
RIP,CRAWFORD,FORREST SONS,2006,1,26,329
RIP,CRAWFORD,FRONTIER CABIN,2006,13,26,340
RIP,CRAWFORD,GABLES METROPOLIS,2006,8,26,345
RIP,CRAWFORD,GUYS FALCON,2006,14,26,390
RIP,CRAWFORD,HALL CASSIDY,2006,3,26,392
RIP,CRAWFORD,LONELY ELEPHANT,2006,5,26,529
RIP,CRAWFORD,MADISON TRAP,2006,6,26,544
RIP,CRAWFORD,MASSAGE IMAGE,2006,2,26,564
RIP,CRAWFORD,OKLAHOMA JUMANJI,2006,13,26,635
RIP,CRAWFORD,OSCAR GOLD,2006,2,26,644
RIP,CRAWFORD,PITTSBURGH HUNCHBACK,2006,8,26,682
RIP,CRAWFORD,POLISH BROOKLYN,2006,3,26,688
RIP,CRAWFORD,RANGE MOONWALKER,2006,8,26,715
RIP,CRAWFORD,RINGS HEARTBREAKERS,2006,1,26,732
RIP,CRAWFORD,SAINTS BRIDE,2006,7,26,758
RIP,CRAWFORD,SATURDAY LAMBS,2006,15,26,764
RIP,CRAWFORD,SIEGE MADRE,2006,8,26,795
RIP,CRAWFORD,SORORITY QUEEN,2006,9,26,821
RIP,CRAWFORD,TEXAS WATCH,2006,11,26,885
RIP,CRAWFORD,TRAIN BUNCH,2006,11,26,904
RIP,CRAWFORD,TRAMP OTHERS,2006,5,26,906
JULIA,MCQUEEN,AMADEUS HOLY,2006,1,27,19
JULIA,MCQUEEN,ARABIA DOGMA,2006,11,27,34
JULIA,MCQUEEN,BONNIE HOLOCAUST,2006,6,27,85
JULIA,MCQUEEN,CIDER DESIRE,2006,6,27,150
JULIA,MCQUEEN,CONEHEADS SMOOCHY,2006,7,27,172
JULIA,MCQUEEN,EFFECT GLADIATOR,2006,8,27,273
JULIA,MCQUEEN,FREDDY STORM,2006,11,27,334
JULIA,MCQUEEN,GAMES BOWFINGER,2006,16,27,347
JULIA,MCQUEEN,GLADIATOR WESTWARD,2006,8,27,359
JULIA,MCQUEEN,HANOVER GALAXY,2006,12,27,398
JULIA,MCQUEEN,HIGH ENCINO,2006,11,27,415
JULIA,MCQUEEN,INSIDER ARIZONA,2006,12,27,462
JULIA,MCQUEEN,JAWBREAKER BROOKLYN,2006,12,27,477
JULIA,MCQUEEN,KISS GLORY,2006,9,27,500
JULIA,MCQUEEN,KRAMER CHOCOLATE,2006,15,27,503
JULIA,MCQUEEN,LUCKY FLYING,2006,12,27,540
JULIA,MCQUEEN,MOCKINGBIRD HOLLYWOOD,2006,1,27,586
JULIA,MCQUEEN,MONTEREY LABYRINTH,2006,11,27,593
JULIA,MCQUEEN,OPEN AFRICAN,2006,14,27,637
JULIA,MCQUEEN,PILOT HOOSIERS,2006,8,27,679
JULIA,MCQUEEN,PITTSBURGH HUNCHBACK,2006,8,27,682
JULIA,MCQUEEN,PRESIDENT BANG,2006,8,27,695
JULIA,MCQUEEN,SCORPION APOLLO,2006,7,27,771
JULIA,MCQUEEN,SLEEPLESS MONSOON,2006,2,27,805
JULIA,MCQUEEN,SPIRIT FLINTSTONES,2006,11,27,830
JULIA,MCQUEEN,STRANGERS GRAFFITI,2006,11,27,854
JULIA,MCQUEEN,SWEETHEARTS SUSPECTS,2006,3,27,873
JULIA,MCQUEEN,TELEMARK HEARTBREAKERS,2006,2,27,880
JULIA,MCQUEEN,TIES HUNGER,2006,3,27,889
JULIA,MCQUEEN,TRAIN BUNCH,2006,11,27,904
JULIA,MCQUEEN,WEEKEND PERSONAL,2006,14,27,967
JULIA,MCQUEEN,WONKA SEA,2006,2,27,986
JULIA,MCQUEEN,YOUNG LANGUAGE,2006,6,27,996
WOODY,HOFFMAN,ALICE FANTASIA,2006,4,28,14
WOODY,HOFFMAN,ATLANTIS CAUSE,2006,8,28,43
WOODY,HOFFMAN,BEACH HEARTBREAKERS,2006,6,28,58
WOODY,HOFFMAN,BIRCH ANTITRUST,2006,12,28,74
WOODY,HOFFMAN,BREAKING HOME,2006,13,28,96
WOODY,HOFFMAN,BUNCH MINDS,2006,7,28,107
WOODY,HOFFMAN,DUCK RACER,2006,2,28,259
WOODY,HOFFMAN,DURHAM PANKY,2006,15,28,263
WOODY,HOFFMAN,ENTRAPMENT SATISFACTION,2006,1,28,287
WOODY,HOFFMAN,GILMORE BOILED,2006,4,28,358
WOODY,HOFFMAN,KNOCK WARLOCK,2006,5,28,502
WOODY,HOFFMAN,LAMBS CINCINATTI,2006,10,28,508
WOODY,HOFFMAN,LOSER HUSTLER,2006,15,28,532
WOODY,HOFFMAN,MAIDEN HOME,2006,13,28,551
WOODY,HOFFMAN,MIDNIGHT WESTWARD,2006,1,28,574
WOODY,HOFFMAN,MOONWALKER FOOL,2006,10,28,597
WOODY,HOFFMAN,NEIGHBORS CHARADE,2006,15,28,619
WOODY,HOFFMAN,NONE SPIKING,2006,14,28,625
WOODY,HOFFMAN,PAJAMA JAWBREAKER,2006,4,28,652
WOODY,HOFFMAN,PILOT HOOSIERS,2006,8,28,679
WOODY,HOFFMAN,ROOM ROMAN,2006,2,28,743
WOODY,HOFFMAN,SHOOTIST SUPERFLY,2006,7,28,790
WOODY,HOFFMAN,SHRUNK DIVINE,2006,1,28,793
WOODY,HOFFMAN,SNOWMAN ROLLERCOASTER,2006,2,28,816
WOODY,HOFFMAN,SPICE SORORITY,2006,7,28,827
WOODY,HOFFMAN,SPY MILE,2006,10,28,835
WOODY,HOFFMAN,TELEGRAPH VOYAGE,2006,12,28,879
WOODY,HOFFMAN,TRAP GUYS,2006,9,28,908
WOODY,HOFFMAN,WAIT CIDER,2006,2,28,953
WOODY,HOFFMAN,WIFE TURN,2006,6,28,973
WOODY,HOFFMAN,WYOMING STORM,2006,13,28,994
ALEC,WAYNE,ALADDIN CALENDAR,2006,15,29,10
ALEC,WAYNE,BLADE POLISH,2006,7,29,79
ALEC,WAYNE,BULL SHAWSHANK,2006,1,29,105
ALEC,WAYNE,CABIN FLASH,2006,3,29,110
ALEC,WAYNE,CENTER DINOSAUR,2006,4,29,131
ALEC,WAYNE,CHAMBER ITALIAN,2006,12,29,133
ALEC,WAYNE,CONEHEADS SMOOCHY,2006,7,29,172
ALEC,WAYNE,DESTINY SATURDAY,2006,13,29,226
ALEC,WAYNE,EFFECT GLADIATOR,2006,8,29,273
ALEC,WAYNE,ENCOUNTERS CURTAIN,2006,7,29,282
ALEC,WAYNE,EXPRESS LONELY,2006,14,29,296
ALEC,WAYNE,FICTION CHRISTMAS,2006,9,29,311
ALEC,WAYNE,FREEDOM CLEOPATRA,2006,5,29,335
ALEC,WAYNE,FUGITIVE MAGUIRE,2006,16,29,342
ALEC,WAYNE,HOURS RAGE,2006,13,29,436
ALEC,WAYNE,HUSTLER PARTY,2006,5,29,444
ALEC,WAYNE,IDENTITY LOVER,2006,14,29,449
ALEC,WAYNE,INSIDER ARIZONA,2006,12,29,462
ALEC,WAYNE,JEOPARDY ENCINO,2006,4,29,482
ALEC,WAYNE,JOON NORTHWEST,2006,15,29,488
ALEC,WAYNE,LIBERTY MAGNIFICENT,2006,15,29,519
ALEC,WAYNE,MAGIC MALLRATS,2006,3,29,547
ALEC,WAYNE,MONEY HAROLD,2006,13,29,590
ALEC,WAYNE,OUTBREAK DIVINE,2006,10,29,646
ALEC,WAYNE,REIGN GENTLEMEN,2006,14,29,723
ALEC,WAYNE,SMOKING BARBARELLA,2006,6,29,812
ALEC,WAYNE,SUMMER SCARFACE,2006,4,29,862
ALEC,WAYNE,UPTOWN YOUNG,2006,3,29,928
ALEC,WAYNE,VIRGIN DAISY,2006,7,29,944
SANDRA,PECK,ACADEMY DINOSAUR,2006,6,30,1
SANDRA,PECK,BANG KWAI,2006,8,30,53
SANDRA,PECK,BEETHOVEN EXORCIST,2006,7,30,64
SANDRA,PECK,BEVERLY OUTLAW,2006,14,30,69
SANDRA,PECK,BIRDS PERDITION,2006,13,30,77
SANDRA,PECK,BOONDOCK BALLROOM,2006,16,30,87
SANDRA,PECK,DUDE BLINDNESS,2006,15,30,260
SANDRA,PECK,DUMBO LUST,2006,8,30,262
SANDRA,PECK,ENOUGH RAGING,2006,16,30,286
SANDRA,PECK,EXCITEMENT EVE,2006,1,30,292
SANDRA,PECK,FAMILY SWEET,2006,11,30,301
SANDRA,PECK,FIREHOUSE VIETNAM,2006,1,30,318
SANDRA,PECK,FLASH WARS,2006,13,30,321
SANDRA,PECK,GILBERT PELICAN,2006,4,30,357
SANDRA,PECK,MATRIX SNOWMAN,2006,9,30,565
SANDRA,PECK,RINGS HEARTBREAKERS,2006,1,30,732
SANDRA,PECK,SILENCE KANE,2006,12,30,797
SANDRA,PECK,STAGECOACH ARMAGEDDON,2006,1,30,838
SANDRA,PECK,VIRGINIAN PLUTO,2006,6,30,945
SISSY,SOBIESKI,BORN SPINAL,2006,16,31,88
SISSY,SOBIESKI,CHITTY LOCK,2006,7,31,146
SISSY,SOBIESKI,CLYDE THEORY,2006,13,31,163
SISSY,SOBIESKI,COAST RAINBOW,2006,6,31,164
SISSY,SOBIESKI,CRAZY HOME,2006,5,31,188
SISSY,SOBIESKI,FACTORY DRAGON,2006,16,31,299
SISSY,SOBIESKI,FERRIS MOTHER,2006,5,31,308
SISSY,SOBIESKI,GONE TROUBLE,2006,7,31,368
SISSY,SOBIESKI,GREEK EVERYONE,2006,9,31,380
SISSY,SOBIESKI,HOOSIERS BIRDCAGE,2006,9,31,431
SISSY,SOBIESKI,MOB DUFFEL,2006,7,31,585
SISSY,SOBIESKI,OPEN AFRICAN,2006,14,31,637
SISSY,SOBIESKI,PRIX UNDEFEATED,2006,8,31,700
SISSY,SOBIESKI,ROCKY WAR,2006,7,31,739
SISSY,SOBIESKI,SHRUNK DIVINE,2006,1,31,793
SISSY,SOBIESKI,SKY MIRACLE,2006,1,31,802
SISSY,SOBIESKI,TELEMARK HEARTBREAKERS,2006,2,31,880
SISSY,SOBIESKI,WISDOM WORKER,2006,5,31,978
TIM,HACKMAN,BEHAVIOR RUNAWAY,2006,11,32,65
TIM,HACKMAN,BOILED DARES,2006,16,32,84
TIM,HACKMAN,BUCKET BROTHERHOOD,2006,16,32,103
TIM,HACKMAN,CALENDAR GUNFIGHT,2006,9,32,112
TIM,HACKMAN,CHAPLIN LICENSE,2006,13,32,136
TIM,HACKMAN,CRUSADE HONEY,2006,15,32,197
TIM,HACKMAN,CUPBOARD SINNERS,2006,6,32,199
TIM,HACKMAN,DEEP CRUSADE,2006,6,32,219
TIM,HACKMAN,FEUD FROGMEN,2006,8,32,309
TIM,HACKMAN,FIDDLER LOST,2006,14,32,312
TIM,HACKMAN,HAROLD FRENCH,2006,7,32,401
TIM,HACKMAN,HOMEWARD CIDER,2006,6,32,427
TIM,HACKMAN,HOOSIERS BIRDCAGE,2006,9,32,431
TIM,HACKMAN,LIGHTS DEER,2006,4,32,523
TIM,HACKMAN,MEET CHOCOLATE,2006,9,32,567
TIM,HACKMAN,MOB DUFFEL,2006,7,32,585
TIM,HACKMAN,MUMMY CREATURES,2006,15,32,606
TIM,HACKMAN,PACKER MADIGAN,2006,2,32,651
TIM,HACKMAN,PEACH INNOCENT,2006,15,32,667
TIM,HACKMAN,PEARL DESTINY,2006,9,32,669
TIM,HACKMAN,SNATCHERS MONTEZUMA,2006,4,32,815
TIM,HACKMAN,UPTOWN YOUNG,2006,3,32,928
TIM,HACKMAN,WIZARD COLDBLOODED,2006,12,32,980
MILLA,PECK,BAREFOOT MANCHURIAN,2006,1,33,56
MILLA,PECK,CALENDAR GUNFIGHT,2006,9,33,112
MILLA,PECK,CHANCE RESURRECTION,2006,15,33,135
MILLA,PECK,CLASH FREDDY,2006,2,33,154
MILLA,PECK,DAUGHTER MADIGAN,2006,3,33,214
MILLA,PECK,DREAM PICKUP,2006,1,33,252
MILLA,PECK,FATAL HAUNTED,2006,13,33,305
MILLA,PECK,FEATHERS METAL,2006,10,33,306
MILLA,PECK,JACKET FRISCO,2006,7,33,473
MILLA,PECK,JUGGLER HARDLY,2006,2,33,489
MILLA,PECK,MIDNIGHT WESTWARD,2006,1,33,574
MILLA,PECK,NECKLACE OUTBREAK,2006,7,33,618
MILLA,PECK,PEACH INNOCENT,2006,15,33,667
MILLA,PECK,PREJUDICE OLEANDER,2006,4,33,694
MILLA,PECK,RAIDERS ANTITRUST,2006,6,33,712
MILLA,PECK,ROBBERS JOON,2006,3,33,735
MILLA,PECK,ROCK INSTINCT,2006,11,33,737
MILLA,PECK,RUSHMORE MERMAID,2006,5,33,754
MILLA,PECK,SEATTLE EXPECATIONS,2006,7,33,775
MILLA,PECK,TEEN APOLLO,2006,16,33,878
MILLA,PECK,TEMPLE ATTRACTION,2006,11,33,881
MILLA,PECK,WATERSHIP FRONTIER,2006,11,33,965
MILLA,PECK,WHISPERER GIANT,2006,14,33,972
MILLA,PECK,WRONG BEHAVIOR,2006,3,33,993
AUDREY,OLIVIER,ATLANTIS CAUSE,2006,8,34,43
AUDREY,OLIVIER,BOULEVARD MOB,2006,13,34,90
AUDREY,OLIVIER,CAPER MOTIONS,2006,5,34,119
AUDREY,OLIVIER,CASSIDY WYOMING,2006,16,34,125
AUDREY,OLIVIER,CONEHEADS SMOOCHY,2006,7,34,172
AUDREY,OLIVIER,CONTROL ANTHEM,2006,5,34,182
AUDREY,OLIVIER,DORADO NOTTING,2006,12,34,244
AUDREY,OLIVIER,FRENCH HOLIDAY,2006,6,34,336
AUDREY,OLIVIER,GUNFIGHTER MUSSOLINI,2006,15,34,389
AUDREY,OLIVIER,HALLOWEEN NUTS,2006,6,34,393
AUDREY,OLIVIER,HUMAN GRAFFITI,2006,10,34,438
AUDREY,OLIVIER,KANE EXORCIST,2006,9,34,493
AUDREY,OLIVIER,KNOCK WARLOCK,2006,5,34,502
AUDREY,OLIVIER,LOATHING LEGALLY,2006,4,34,525
AUDREY,OLIVIER,PEAK FOREVER,2006,15,34,668
AUDREY,OLIVIER,REDEMPTION COMFORTS,2006,13,34,720
AUDREY,OLIVIER,SENSE GREEK,2006,15,34,779
AUDREY,OLIVIER,SHIP WONDERLAND,2006,6,34,788
AUDREY,OLIVIER,SIDE ARK,2006,1,34,794
AUDREY,OLIVIER,SQUAD FISH,2006,15,34,836
AUDREY,OLIVIER,STING PERSONAL,2006,13,34,846
AUDREY,OLIVIER,STRANGER STRANGERS,2006,3,34,853
AUDREY,OLIVIER,USUAL UNTOUCHABLES,2006,9,34,929
AUDREY,OLIVIER,VOLUME HOUSE,2006,4,34,950
AUDREY,OLIVIER,WHALE BIKINI,2006,9,34,971
JUDY,DEAN,ALADDIN CALENDAR,2006,15,35,10
JUDY,DEAN,ARACHNOPHOBIA ROLLERCOASTER,2006,11,35,35
JUDY,DEAN,BALLROOM MOCKINGBIRD,2006,9,35,52
JUDY,DEAN,CYCLONE FAMILY,2006,9,35,201
JUDY,DEAN,DROP WATERFRONT,2006,15,35,256
JUDY,DEAN,GUNFIGHTER MUSSOLINI,2006,15,35,389
JUDY,DEAN,MODERN DORADO,2006,6,35,589
JUDY,DEAN,MUSSOLINI SPOILERS,2006,15,35,612
JUDY,DEAN,NASH CHOCOLAT,2006,2,35,615
JUDY,DEAN,QUEST MUSSOLINI,2006,1,35,707
JUDY,DEAN,RINGS HEARTBREAKERS,2006,1,35,732
JUDY,DEAN,ROCKETEER MOTHER,2006,9,35,738
JUDY,DEAN,RUGRATS SHAKESPEARE,2006,1,35,748
JUDY,DEAN,SOLDIERS EVOLUTION,2006,14,35,817
JUDY,DEAN,TROUBLE DATE,2006,16,35,914
BURT,DUKAKIS,ALIEN CENTER,2006,9,36,15
BURT,DUKAKIS,BLINDNESS GUN,2006,14,36,81
BURT,DUKAKIS,COMMANDMENTS EXPRESS,2006,11,36,171
BURT,DUKAKIS,DINOSAUR SECRETARY,2006,8,36,231
BURT,DUKAKIS,DOUBLE WRATH,2006,2,36,245
BURT,DUKAKIS,ENDING CROWDS,2006,13,36,283
BURT,DUKAKIS,GREEK EVERYONE,2006,9,36,380
BURT,DUKAKIS,GRINCH MASSAGE,2006,10,36,381
BURT,DUKAKIS,GUN BONNIE,2006,10,36,387
BURT,DUKAKIS,GUYS FALCON,2006,14,36,390
BURT,DUKAKIS,HEAVEN FREEDOM,2006,5,36,410
BURT,DUKAKIS,HOME PITY,2006,12,36,426
BURT,DUKAKIS,HOMEWARD CIDER,2006,6,36,427
BURT,DUKAKIS,IMAGE PRINCESS,2006,15,36,453
BURT,DUKAKIS,INTOLERABLE INTENTIONS,2006,6,36,466
BURT,DUKAKIS,JERK PAYCHECK,2006,4,36,484
BURT,DUKAKIS,KANE EXORCIST,2006,9,36,493
BURT,DUKAKIS,KING EVOLUTION,2006,8,36,499
BURT,DUKAKIS,MENAGERIE RUSHMORE,2006,2,36,569
BURT,DUKAKIS,MONEY HAROLD,2006,13,36,590
BURT,DUKAKIS,MOTIONS DETAILS,2006,11,36,600
BURT,DUKAKIS,RANDOM GO,2006,14,36,714
BURT,DUKAKIS,RANGE MOONWALKER,2006,8,36,715
BURT,DUKAKIS,REAP UNFAITHFUL,2006,11,36,716
BURT,DUKAKIS,RIGHT CRANES,2006,4,36,731
BURT,DUKAKIS,TALENTED HOMICIDE,2006,15,36,875
BURT,DUKAKIS,TRUMAN CRAZY,2006,1,36,915
BURT,DUKAKIS,VALENTINE VANISHING,2006,16,36,931
BURT,DUKAKIS,WANDA CHAMBER,2006,10,36,956
VAL,BOLGER,ALADDIN CALENDAR,2006,15,37,10
VAL,BOLGER,ALASKA PHANTOM,2006,12,37,12
VAL,BOLGER,AMADEUS HOLY,2006,1,37,19
VAL,BOLGER,CANYON STOCK,2006,2,37,118
VAL,BOLGER,CAPER MOTIONS,2006,5,37,119
VAL,BOLGER,CARRIE BUNCH,2006,11,37,122
VAL,BOLGER,CHITTY LOCK,2006,7,37,146
VAL,BOLGER,DALMATIONS SWEDEN,2006,7,37,204
VAL,BOLGER,DRIFTER COMMANDMENTS,2006,1,37,253
VAL,BOLGER,DUDE BLINDNESS,2006,15,37,260
VAL,BOLGER,ELEPHANT TROJAN,2006,11,37,277
VAL,BOLGER,FIREBALL PHILADELPHIA,2006,5,37,317
VAL,BOLGER,INTRIGUE WORST,2006,9,37,467
VAL,BOLGER,JAWBREAKER BROOKLYN,2006,12,37,477
VAL,BOLGER,JERSEY SASSY,2006,3,37,485
VAL,BOLGER,LAMBS CINCINATTI,2006,10,37,508
VAL,BOLGER,LONELY ELEPHANT,2006,5,37,529
VAL,BOLGER,MAKER GABLES,2006,3,37,553
VAL,BOLGER,MALLRATS UNITED,2006,5,37,555
VAL,BOLGER,METROPOLIS COMA,2006,14,37,572
VAL,BOLGER,MODEL FISH,2006,3,37,588
VAL,BOLGER,PATHS CONTROL,2006,7,37,662
VAL,BOLGER,PATIENT SISTER,2006,4,37,663
VAL,BOLGER,PREJUDICE OLEANDER,2006,4,37,694
VAL,BOLGER,PRIMARY GLASS,2006,1,37,697
VAL,BOLGER,SHAWSHANK BUBBLE,2006,16,37,785
VAL,BOLGER,STALLION SUNDANCE,2006,14,37,839
VAL,BOLGER,STAMPEDE DISTURBING,2006,10,37,840
VAL,BOLGER,STRANGER STRANGERS,2006,3,37,853
VAL,BOLGER,TOWN ARK,2006,9,37,900
VAL,BOLGER,UNITED PILOT,2006,6,37,925
VAL,BOLGER,WATCH TRACY,2006,2,37,963
VAL,BOLGER,WEDDING APOLLO,2006,6,37,966
VAL,BOLGER,WORKING MICROCOSMOS,2006,16,37,989
VAL,BOLGER,YOUTH KICK,2006,12,37,997
TOM,MCKELLEN,ANALYZE HOOSIERS,2006,11,38,24
TOM,MCKELLEN,CADDYSHACK JEDI,2006,1,38,111
TOM,MCKELLEN,CLUB GRAFFITI,2006,2,38,160
TOM,MCKELLEN,CONGENIALITY QUEST,2006,15,38,176
TOM,MCKELLEN,DESIRE ALIEN,2006,2,38,223
TOM,MCKELLEN,DONNIE ALLEY,2006,2,38,241
TOM,MCKELLEN,EGG IGBY,2006,6,38,274
TOM,MCKELLEN,FREEDOM CLEOPATRA,2006,5,38,335
TOM,MCKELLEN,FRISCO FORREST,2006,14,38,338
TOM,MCKELLEN,GENTLEMEN STAGE,2006,9,38,353
TOM,MCKELLEN,IDAHO LOVE,2006,13,38,448
TOM,MCKELLEN,IDOLS SNATCHERS,2006,3,38,450
TOM,MCKELLEN,INDIAN LOVE,2006,8,38,458
TOM,MCKELLEN,KISSING DOLLS,2006,1,38,501
TOM,MCKELLEN,LEGEND JEDI,2006,12,38,516
TOM,MCKELLEN,MAGIC MALLRATS,2006,3,38,547
TOM,MCKELLEN,MISSION ZOOLANDER,2006,2,38,583
TOM,MCKELLEN,NECKLACE OUTBREAK,2006,7,38,618
TOM,MCKELLEN,NEIGHBORS CHARADE,2006,15,38,619
TOM,MCKELLEN,PURPLE MOVIE,2006,9,38,705
TOM,MCKELLEN,SHRUNK DIVINE,2006,1,38,793
TOM,MCKELLEN,SPICE SORORITY,2006,7,38,827
TOM,MCKELLEN,STALLION SUNDANCE,2006,14,38,839
TOM,MCKELLEN,STRANGER STRANGERS,2006,3,38,853
TOM,MCKELLEN,TARZAN VIDEOTAPE,2006,11,38,876
GOLDIE,BRODY,BILKO ANONYMOUS,2006,8,39,71
GOLDIE,BRODY,BINGO TALENTED,2006,14,39,73
GOLDIE,BRODY,COMANCHEROS ENEMY,2006,3,39,168
GOLDIE,BRODY,DAISY MENAGERIE,2006,14,39,203
GOLDIE,BRODY,DESERT POSEIDON,2006,11,39,222
GOLDIE,BRODY,EVERYONE CRAFT,2006,9,39,290
GOLDIE,BRODY,EXORCIST STING,2006,15,39,293
